key_words,summary,sentiment,pros,cons,recommendation_score
"['premium build', '6.83″ AMOLED screen', '144 Hz refresh rate', 'Snapdragon 8s Gen 3', '80 W fast charging', 'long battery life', 'solid camera', 'fluid performance']","This phone offers a premium feel with a large AMOLED screen and a super-smooth 144 Hz refresh rate, making everyday tasks, gaming, and media consumption extremely satisfying. Powered by the Snapdragon 8s Gen 3, it excels at high-performance tasks with no lag and multitasking is effortless. Its battery lasts easily for a full day, and fast charging is a significant convenience. The camera produces great shots in daylight and decent photos in low-light situations, though it doesn't quite reach flagship quality. Overall, the device shines in display and performance, making it a strong contender for users who value speed and visual experience.",positive,"['Premium build quality', 'Excellent display with 144 Hz refresh rate', 'Flagship-like performance', 'Long battery life', 'Very fast charging', 'Good camera performance in daylight']","['Low-light camera performance could be better', 'Camera not flagship level in all conditions']",9
"['OxygenOS 15', 'clean', 'responsive', 'battery life', '80 W charging', 'Plus Key', 'camera quality', 'heating', 'gaming']","The device provides a smooth everyday experience with OxygenOS 15, boasting a responsive interface, efficient battery life even under heavy usage, and ultra-fast 80 W charging. The Plus Key adds convenient shortcut functionality but could benefit from greater customization. Everyday camera performance is reliable, but there's occasional heating during intensive gaming sessions.",positive,"['Clean and responsive OxygenOS 15', 'Stable battery life lasts all day', 'Very fast 80 W charging', 'Plus Key for shortcuts', 'Dependable everyday camera quality']","['Plus Key not fully customizable', 'Occasional heating during heavy gaming']",4.5
"['crisp display', 'vibrant colors', 'performance', 'battery life', 'camera', 'low light', 'ultrawide lens', 'build quality', 'midrange phone']","The phone offers a crisp and vibrant display with performance that is sufficient for most users. Battery life is decent, though not outstanding, requiring daily charging. The camera works well in daylight but struggles in low light. The ultrawide lens is underwhelming for landscape shots. Build quality is good, but the pill-shaped camera bump may not appeal to everyone. Overall, it's a solid midrange phone, but not a 'flagship killer'.",neutral,"['Crisp and vibrant display', 'Competent performance', 'Decent battery life', 'Good build quality']","['Average low light camera performance', 'Weak ultrawide lens for landscapes', 'Battery life not exceptional', 'Camera bump design may not appeal to everyone']",7
"['gaming', 'multimedia', 'refresh rate', 'color depth', 'Snapdragon chipset', 'cooling', 'speakers', 'battery life']","This device excels in gaming and multimedia with an impressive screen, superb audio, and powerful performance thanks to the efficient Snapdragon chipset. The battery lasts all day, making it a reliable companion for entertainment-focused users. However, it may lack the premium feel of higher-end flagships.",positive,"['Excellent for gaming', 'Beautiful display with great refresh rate and color depth', 'Efficient and cool performance from Snapdragon chipset', 'Loud and clear speakers', 'Long-lasting battery']",['Build quality/materials do not feel as premium as some flagship devices'],9
"['Snapdragon 8s Gen 3', 'bloated UI', 'occasional stutters', 'camera performance', 'average battery life', 'basic performance']","The Snapdragon 8s Gen 3 processor offers decent performance for basic tasks, but the overall user experience is underwhelming. The UI feels cluttered and stutters occur when handling heavy apps. Camera quality is inconsistent, with selfies outpacing poor ultrawide shots. Battery life is just average, so while it gets the job done for everyday tasks, it doesn't stand out, especially for its price.",mixed,"['Basic performance is adequate', 'Selfie camera is decent', 'Large display']","['Bloated UI leads to stutters', 'Ultrawide camera lacks detail', 'Battery life is average', ""Performance doesn't match expectations for the price""]",5
"['screen quality', 'gaming performance', 'RAM', 'storage', 'battery', 'Plus Key', 'camera quality']","This device stands out with its impressive screen quality, providing brightness, smooth visuals, and vibrant colors. Gaming and multitasking performance are excellent due to ample RAM and storage, resulting in zero lag. The battery life sustains moderate use over a weekend, and the Plus Key feature adds daily convenience. Camera performance is solid outdoors and satisfactory indoors. Overall, it's highly recommended for most users.",positive,"['Outstanding screen quality', 'Great gaming performance', 'Ample RAM and storage for multitasking', 'Long battery life', 'Useful Plus Key feature', 'Solid camera performance outdoors']",['Indoor camera quality is merely respectable (not outstanding)'],9.5
"['OxygenOS', 'battery life', 'charging speed', 'camera', 'build quality', 'brightness', 'value for money']","This phone delivers on everyday basics like browsing, chatting, and streaming, with a smooth OxygenOS experience and good battery performance. Quick charging is a highlight, and while the camera works well for social purposes, it falls short in low light compared to dedicated cameras. Build quality is solid, though screen brightness could be better outdoors. Overall, it is a reliable option for its price.",positive,"['Smooth, polished OxygenOS interface', 'Solid battery life', 'Fast charging', 'Good build quality', 'Reliable basic performance']","['Camera is average in low light', 'Screen brightness is lacking in sunlight']",8
"['screen', 'performance', 'camera', 'fast-charging', 'software', 'price', 'sale']","A decent phone with excellent screen and performance, but the camera and charging speed fall behind competitors in the same price range. Software is average with some unnecessary feature pushes. If available at a lower price during a sale, the phone offers better value.",mixed,"['Great screen quality', 'Strong performance', 'Good value if discounted']","['Camera is underwhelming for the price', 'Fast-charging speed is below average', 'Software can be intrusive with unnecessary features']",6.5
"['smooth interface', 'long battery life', 'crisp camera', 'ultrawide lens', 'good selfies', 'performance']","Upgrading from an older device, this phone impresses with a smooth interface, excellent battery life, and high-quality cameras. Both main and selfie cameras perform well, and the ultrawide lens is adequate for everyday use. Overall, it fulfills all user needs efficiently.",positive,"['Smooth and responsive interface', 'Battery lasts more than a day with medium usage', 'Main camera takes crisp photos', 'Ultrawide lens suitable for casual shots', 'Selfie camera is good even in low light', 'Handles daily tasks very well']",['Ultrawide camera is just average'],9
"['performance', 'battery life', 'display', 'snappy', 'clean software', 'photo quality', 'build quality', 'fingerprint unlock']","The OnePlus impresses with strong performance, reliable battery, and a quality display. It delivers a fast, clean user experience, long battery longevity, and solid build quality. Everyday photos turn out well, but low-light photography is less satisfactory. The fingerprint sensor works quickly and accurately. Overall, it's an excellent all-rounder for day-to-day use.",positive,"['Fast performance', 'Clean software experience', 'Long-lasting battery', 'Solid build quality', 'Responsive fingerprint unlock', 'Good display quality', 'Decent everyday photo quality']",['Night photo quality is not as strong'],9
